vendor,product,version,date,url
dlink,DFL-2560G,5x-120-EN,6/3/19,ftp://FTP2.DLINK.COM/PRODUCTS/DFL-2560G/REVA/DFL-2560G_REVA_FIRMWARE_v12.00.16.09_WW.zip
dlink,DCS-6517,unknown,1/18/17,ftp://FTP2.DLINK.COM/PRODUCTS/DCS-6517/REVA/DCS-6517_REVA_FIRMWARE_1.11_WW.zip
dlink,DCS-6513,unknown,10/16/15,ftp://FTP2.DLINK.COM/PRODUCTS/DCS-6513/REVA/DCS-6513_REVA_FIRMWARE_1.04.00.ZIP
dlink,DCS-6315,unknown,7/15/16,ftp://FTP2.DLINK.COM/PRODUCTS/DCS-6315/REVA/DCS-6315_REV_RELEASENOTES_1.05.00.ZIP
dlink,DCS-6212L,unknown,7/12/16,ftp://FTP2.DLINK.COM/PRODUCTS/DCS-6212L/REVA/DCS-6212L_REVA_FIRMWARE_1.00.12.ZIP
dlink,DAP-2660,unknown,2/5/15,ftp://ftp2.dlink.com/PRODUCTS/DAP-2660/REVA/DAP-2660_REVA_FIRMWARE_1.06.RC025.ZIP
dlink,DCS-6210,unknown,2/11/15,ftp://ftp2.dlink.com/PRODUCTS/DCS-6210/REVA/DCS-6210_REVA_FIRMWARE_1.03.00.ZIP
dlink,DAP-2553,unknown,4/7/17,ftp://FTP2.DLINK.COM/PRODUCTS/DAP-2553/REVB/DAP-2553_REVB_FIRMWARE_3.06RC027.zip
dlink,DAP-1665,unknown,3/31/17,ftp://FTP2.DLINK.COM/PRODUCTS/DAP-1665/REVB/DAP-1665_REVB_FIRMWARE_2.00B19.zip
dlink,DAP-2330,unknown,7/1/14,ftp://ftp2.dlink.com/PRODUCTS/DAP-2330/REVA/DAP-2330_REVA_FIRMWARE_1.00.ZIP
dlink,DAP-2553,unknown,4/7/17,ftp://FTP2.DLINK.COM/PRODUCTS/DAP-2553/REVB/DAP-2553_REVB_FIRMWARE_3.10RC031.zip
dlink,DAP-2660,unknown,6/3/14,ftp://ftp2.dlink.com/PRODUCTS/DAP-2660/REVA/DAP-2660_REVA_FIRMWARE_1.00.ZIP
dlink,DCS-6210,unknown,11/5/15,ftp://FTP2.DLINK.COM/PRODUCTS/DCS-6210/REVA/DCS-6210_REVA_FIRMWARE_1.05.00.ZIP
dlink,DES-3226L,5x-128-EN,11/7/06,ftp://FTP2.DLINK.COM/PRODUCTS/DES-3226L/REVB/DES-3226L_REVB_FIRMWARE_1.0.3.04.ZIP
dlink,DES-3228PA,5x-124-EN,10/10/13,ftp://ftp2.dlink.com/PRODUCTS/DES-3228PA/REVA/DES-3228PA_FIRMWARE_1.00.43.ZIP
dlink,DCS-7110,unknown,10/26/15,ftp://FTP2.DLINK.COM/PRODUCTS/DCS-7110/REVB/DCS-7110_REVB_FIRMWARE_3.01.ZIP
dlink,DES-3252P,5x-124-EN,10/10/13,ftp://ftp2.dlink.com/PRODUCTS/DES-3252P/REVA/DES-3252P_FIRMWARE_1.0.0.34.ZIP
dlink,DES-3526,124-EN,7/16/13,ftp://FTP2.DLINK.COM/PRODUCTS/DES-3526/REVA/DES-3526_FIRMWARE_2.00B19.ZIP
dlink,DCS-4603,5005851,4/22/19,ftp://FTP2.DLINK.COM/PRODUCTS/DCS-4603/REVA/DCS-4603_REVA_FIRMWARE_v1.03.04.zip
dlink,DCS-4603,5082555,10/28/16,ftp://FTP2.DLINK.COM/PRODUCTS/DCS-4603/REVA/DCS-4603_REVA_FIRMWARE_1.00.00.ZIP
dlink,DES-3226SM,5x-128-EN,8/10/04,ftp://ftp2.dlink.com/PRODUCTS/DES-3226SM/REVA/DES-3226SM_FIRMWARE_4.01B36.ZIP
dlink,DES-3226SM,5x-128-EN,8/31/04,ftp://ftp2.dlink.com/PRODUCTS/DES-3226SM/REVA/DES-3226SM_FIRMWARE_4.02B05.ZIP
dlink,DES-3200-28,5x-120-EN,11/14/13,ftp://ftp2.dlink.com/PRODUCTS/DES-3200-28/REVC/DES-3200-28_REVC_FIRMWARE_4.00.024.ZIP
dlink,DCS-7517,unknown,3/29/18,ftp://FTP2.DLINK.COM/PRODUCTS/DCS-7517/REVB/DCS-7517_REVB_FIRMWARE_v2.00.03.zip
dlink,DCS-7513,unknown,11/14/17,ftp://FTP2.DLINK.COM/PRODUCTS/DCS-7513/REVB/DCS-7513_REVB_FIRMWARE_v2.01.00.zip
dlink,DCS-7513,unknown,1/16/17,ftp://FTP2.DLINK.COM/PRODUCTS/DCS-7513/REVB/DCS-7513_REVB_FIRMWARE_2.00.23.zip
dlink,DCS-7513,unknown,1/20/16,ftp://FTP2.DLINK.COM/PRODUCTS/DCS-7513/REVA/DCS-7513_REVA_FIRMWARE_1.12.00.ZIP
dlink,DCS-7517,unknown,1/18/17,ftp://FTP2.DLINK.COM/PRODUCTS/DCS-7517/REVA/DCS-7517_REVA_FIRMWARE_1.11_WW.zip
dlink,DCS-7110,unknown,6/30/17,ftp://FTP2.DLINK.COM/PRODUCTS/DCS-7110/REVA/DCS-7110_REVA_FIRMWARE_v2.10B03.zip
dlink,DXS-3600-32S/SI,5067571,11/7/18,ftp://FTP2.DLINK.COM/PRODUCTS/DXS-3600-32S/REVB/HOTFIX/DXS-3600-32S_REVB_FIRMWARE_v2.61B004_HOTFIX.zip
dlink,DCS-7110,unknown,7/11/11,ftp://FTP2.DLINK.COM/PRODUCTS/DCS-7110/REVA/DCS-7110_FIRMWARE_1.01.ZIP
dlink,DCS-6517,unknown,11/26/18,ftp://FTP2.DLINK.COM/PRODUCTS/DCS-6517/REVB/DCS-6517_REVB_FIRMWARE_v2.00.03_BETA9.zip
dlink,DCS-6513,unknown,2/4/14,ftp://ftp2.dlink.com/PRODUCTS/DCS-6513/REVA/DCS-6513_FIRMWARE_1.01.01.ZIP
dlink,DCS-6517,unknown,3/7/16,ftp://FTP2.DLINK.COM/PRODUCTS/DCS-6517/REVA/DCS-6517_REVA_FIRMWARE_1.10.01_WW.ZIP
dlink,DCS-4605EV,5010181,9/4/18,ftp://FTP2.DLINK.COM/PRODUCTS/DCS-4605EV/REVA/DCS-4605EV_REVA_FIRMWARE_v1.00.07.zip
dlink,DGS-3324SR,5001807,7/16/13,ftp://FTP2.DLINK.COM/PRODUCTS/DGS-3324SR/REVA/DGS-3324SR_FIRMWARE_4.40B04.HAD
dlink,DGS-3324SR,5067768,7/16/13,ftp://FTP2.DLINK.COM/PRODUCTS/DGS-3324SR/REVA/DGS-3324SR_FIRMWARE_4.10B15.EXE
dlink,DGS-3324SR,5199165,7/16/13,ftp://FTP2.DLINK.COM/PRODUCTS/DGS-3324SR/REVA/DGS-3324SR_FIRMWARE_4.30B11.ZIP
dlink,DGS-3324SR,5199165,7/16/13,ftp://FTP2.DLINK.COM/PRODUCTS/DGS-3324SR/REVA/DGS-3324SR_FIRMWARE_4.00B13.ZIP
dlink,DGS-3324SR,5199165,7/16/13,ftp://FTP2.DLINK.COM/PRODUCTS/DGS-3324SR/REVA/DGS-3324SR_FIRMWARE_3.00B16.HAD
dlink,DXS-3400-24SC,5189356,12/1/16,ftp://FTP2.DLINK.COM/PRODUCTS/DXS-3400-24SC/REVA/DXS-3400-24SC_FIRMWARE_2.00.009.ZIP
dlink,DXS-3600-32S/SI,5199165,7/29/15,ftp://FTP2.DLINK.COM/PRODUCTS/DXS-3600-32S/REVB/DXS-3600-32S_REVB_FIRMWARE_2.40.046_WW.ZIP
dlink,DCS-6517,unknown,7/27/17,ftp://FTP2.DLINK.COM/PRODUCTS/DCS-6517/REVB/DCS-6517_REVB_FIRMWARE_v2.00.03.zip
dlink,2021.08.17-14.12_DSL_G2452GR_RTL_4.0.1_release,unknown,unknown,ftp://ftp.dlink.by/pub/ADSL/DSL-G2452GR/Firmware/2021.08.17-14.12_DSL_G2452GR_RTL_4.0.1_release.bin
dlink,DSR-250N,5x-121-EN,12/4/18,ftp://FTP2.DLINK.COM/PRODUCTS/DSR-250N/REVA/DSR-250N_REVA_FIRMWARE_v3.13_WW.zip
dlink,DNH-100,A,3/26/20,ftp://FTP2.DLINK.COM/PRODUCTS/DNH-100/REVA/FIRMWARE/DNH-100_REVA_FIRMWARE_v1.0.0.15.zip
dlink,DWC-2000,A,2/2/21,https://support.dlink.com/resource/PRODUCTS/DWC-2000/REVA/DWC-2000_REVA_FIRMWARE_v4.7.5.1_WW.zip
dlink,DWC-1000,C,4/22/21,https://support.dlink.com/resource/PRODUCTS/DWC-1000/REVC/DWC-1000_REVC_FIRMWARE_v4.7.5.1.zip
dlink,DWC-1000,unknown,7/17/17,ftp://FTP2.DLINK.COM/PRODUCTS/DWC-1000/REVA/DWC-1000_REVA_FIRMWARE_v4.6.0.2.zip
dlink,DXS-5000-54S,5098915,11/8/18,ftp://FTP2.DLINK.COM/PRODUCTS/DXS-5000-SERIES/5000-SERIES_REVA_FIRMWARE_v1.00.006.zip
dlink,DXS-1210-28S,A,9/15/21,https://support.dlink.com/resource/PRODUCTS/DCS-1210-28S/REVA/FIRMWARE/DXS-1210-28T_S_REVA_FIRMWARE_v1.00.024.zip
dlink,DXS-1210-28T,A,9/15/21,https://support.dlink.com/resource/PRODUCTS/DXS-1210-28T/REVA/FIRMWARE/DXS-1210-28T_S_REVA_FIRMWARE_v1.00.024.zip
dlink,DXS-3350SR,A,8/5/04,ftp://ftp2.dlink.com/PRODUCTS/DXS-3350SR/REVA/DXS-3350SR_FIRMWARE_3.00B16.HAD
dlink,DXS-3350SR,A,3/21/05,ftp://ftp2.dlink.com/PRODUCTS/DXS-3350SR/REVA/DXS-3350SR_FIRMWARE_4.10B15.EXE
dlink,DXS-3400-24TC,A,12/1/16,ftp://FTP2.DLINK.COM/PRODUCTS/DXS-3400-24TC/REVA/DXS-3400-24TC_FIRMWARE_2.00.009.ZIP
dlink,DXS-3400-24TC,A,2/27/19,ftp://FTP2.DLINK.COM/PRODUCTS/DXS-3400-SERIES/REVA/FIRMWARE/DXS-3400-SERIES_REVA_FIRMWARE_v3.00.013.zip
dlink,DXS-3400-24TC,A,11/28/18,ftp://FTP2.DLINK.COM/PRODUCTS/DXS-3400-SERIES/REVA/FIRMWARE/DXS-3400-SERIES_REVA_FIRMWARE_v2.31B008_HOTFIX.zip
dlink,DXS-3400-24TC,A,4/29/19,ftp://FTP2.DLINK.COM/PRODUCTS/DXS-3400-SERIES/REVA/FIRMWARE/DXS-3400-SERIES_REVA_FIRMWARE_v2.31B014_HOTFIX.zip
dlink,DXS-3600-16S/SI,B,7/29/15,ftp://FTP2.DLINK.COM/PRODUCTS/DXS-3600-16S/REVB/DXS-3600-16S_REVB_FIRMWARE_2.40.046_WW.ZIP
dlink,DXS-3400-24TC,A,1/28/19,ftp://FTP2.DLINK.COM/PRODUCTS/DXS-3400-SERIES/REVA/FIRMWARE/DXS-3400-SERIES_REVA_FIRMWARE_v2.31B009_HOTFIX.zip
dlink,DXS-3600-32S/SI,B,2/20/20,ftp://FTP2.DLINK.COM/PRODUCTS/DXS-3600-32S/REVB/HOTFIX/DXS-3600-32S_REVB_FIRMWARE_v2.62B007_HOTFIX.zip
dlink,DXS-3600-16S/SI,B,11/19/13,ftp://ftp2.dlink.com/PRODUCTS/DXS-3600-16S/REVB/DXS-3600-16S_REVB_FIRMWARE_2.00.023.ZIP
dlink,DXS-3600-32S/SI,B,12/4/19,ftp://FTP2.DLINK.COM/PRODUCTS/DXS-3600-32S/REVB/DXS-3600-32S_REVB_FIRMWARE_v2.61.013_HOTFIX.zip
dlink,DXS-3600-32S/SI,B,10/25/19,ftp://FTP2.DLINK.COM/PRODUCTS/DXS-3600-32S/REVB/DXS-3600-32S_REVB_FIRMWARE_v2.61.012_HOTFIX.zip
dlink,DXS-3600-32S/SI,B,2/13/18,ftp://FTP2.DLINK.COM/PRODUCTS/DXS-3600-SERIES/REVB/DXS-3600-SERIES_REVB_FIRMWARE_v2.49B025_WW_HOTFIX.zip
dlink,DSR-250N,A,4/29/14,ftp://ftp2.dlink.com/PRODUCTS/DSR-250N/REVA/DSR-250N_REVA1_FIRMWARE_1.09B32.ZIP
dlink,DSR-500,B,5/27/20,ftp://FTP2.DLINK.COM/PRODUCTS/DSR-500/REVB/DSR-500_REVB_FIRMWARE_v3.17_WW.zip
dlink,DSR-250N,A,6/23/20,ftp://FTP2.DLINK.COM/PRODUCTS/DSR-250N/REVA/DSR-250N_REVA_FIRMWARE_v3.17_WW.zip
dlink,DSR-150,unknown,6/27/19,ftp://FTP2.DLINK.COM/PRODUCTS/DSR-150/REVC/DSR-150_REVC_FIRMWARE_v3.14.zip
dlink,DNR-2020-04P,A,1/8/20,ftp://FTP2.DLINK.COM/PRODUCTS/DNR-2020-04P/REVA/FIRMWARE/DNR-2020-04P_REVA_FIRMWARE_v1.03.01_HOTFIX.zip
dlink,DNR-2020-04P,A,4/24/17,ftp://FTP2.DLINK.COM/PRODUCTS/DNR-2020-04P/REVA/FIRMWARE/DNR-2020-04P_REVA_FIRMWARE_v1.01.05.zip
dlink,DNR-2020-04P,A,10/8/20,ftp://FTP2.DLINK.COM/PRODUCTS/DNR-2020-04P/REVA/FIRMWARE/DNR-2020-04P_REVA_FIRMWARE_v1.03.01.zip
dlink,DNR-322L,B,9/9/20,ftp://FTP2.DLINK.COM/PRODUCTS/DNR-322L/REVB/DNR-322L_REVB_FIRMWARE_v3.02.15.zip
dlink,DNR-322L,B,1/8/20,ftp://FTP2.DLINK.COM/PRODUCTS/DNR-322L/REVB/DNR-322L_REVB_FIRMWARE_v3.02.15_HOTFIX.zip
dlink,DNR-312L,A,1/8/20,ftp://FTP2.DLINK.COM/PRODUCTS/DNR-312L/REVA/DNR-312L_REVA_FIRMWARE_v1.08.06_HOTFIX.zip
dlink,DNR-312L,40181,10/14/15,ftp://FTP2.DLINK.COM/PRODUCTS/DNR-312L/REVA/DNR-312L_REVA_FIRMWARE_1.04.03_EN.ZIP
dlink,DSR-1000AC,A,8/26/21,https://support.dlink.com/resource/PRODUCTS/DSR-1000AC/REVA/DSR-1000AC_REVA_FIRMWARE_v3.19_WW.zip
dlink,DSR-150,C,7/28/20,ftp://FTP2.DLINK.COM/PRODUCTS/DSR-150/REVC/DSR-150_REVC_FIRMWARE_v3.17_WW.zip
dlink,DSR-500,unknown,6/26/18,ftp://FTP2.DLINK.COM/PRODUCTS/DSR-500/REVA/DSR-500_A1_FIRMWARE_v2.13_WW.zip
dlink,DSR-250,unknown,4/29/14,ftp://ftp2.dlink.com/PRODUCTS/DSR-250/REVA/DSR-250_REVA2_FIRMWARE_1.09B32.ZIP
dlink,DSR-150N,A,7/28/20,ftp://FTP2.DLINK.COM/PRODUCTS/DSR-150N/REVA/DSR-150N_REVA_FIRMWARE_v3.17_WW.zip
dlink,DSR-250,unknown,7/27/17,ftp://FTP2.DLINK.COM/PRODUCTS/DSR-250/REVA/DSR-250_REVA_FIRMWARE_v3.11B101H.zip
dlink,DSR-250,unknown,4/11/16,ftp://FTP2.DLINK.COM/PRODUCTS/DSR-250/REVA/DSR-250_REVA_FIRMWARE_2.11_WW.ZIP
dlink,DSR-250,A3,7/28/20,ftp://FTP2.DLINK.COM/PRODUCTS/DSR-250/REVA/DSR-250_REVA_FIRMWARE_v3.17_WW.zip
dlink,DSR-250,A4,7/28/20,ftp://FTP2.DLINK.COM/PRODUCTS/DSR-250/REVA/DSR-250_REVA_FIRMWARE_v3.17_WW.zip
dlink,DSR-250,C,7/28/20,ftp://FTP2.DLINK.COM/PRODUCTS/DSR-250/REVC/DSR-250_REVC_FIRMWARE_v3.17_WW.zip
dlink,DSR-250,unknown,12/4/18,ftp://FTP2.DLINK.COM/PRODUCTS/DSR-250/REVC/DSR-250_REVC_FIRMWARE_v3.13_WW.zip
dlink,DXS-3600-32S/SI,B,11/19/13,ftp://ftp2.dlink.com/PRODUCTS/DXS-3600-32S/REVB/DXS-3600-32S_REVB_FIRMWARE_2.00.023.ZIP
dlink,DXS-3600-32S/SI,B,10/8/19,ftp://FTP2.DLINK.COM/PRODUCTS/DXS-3600-32S/REVB/HOTFIX/DXS-3600-32S_REVB_FIRMWARE_v2.61B011_HOTFIX.zip
dlink,DXS-3600-32S/SI,B,9/10/20,ftp://FTP2.DLINK.COM/PRODUCTS/DXS-3600-SERIES/REVB/DXS-3600-32S_REVB_FIRMWARE_v2.60.007_HOTFIX.zip
dlink,DAP-2310,A,1/20/14,ftp://ftp2.dlink.com/PRODUCTS/DAP-2310/REVA/DAP-2310_FIRMWARE_1.16RC028.ZIP
dlink,DGS-3420-52T,B,3/1/18,ftp://FTP2.DLINK.COM/PRODUCTS/DGS-3420-SERIES/DGS-3420-SERIES_REVA_REVB_FIRMWARE_v3.03B002_HOTFIX.zip
dlink,DGS-3420-28TC,36160,11/25/13,ftp://FTP2.DLINK.COM/PRODUCTS/DGS-3420-28TC/REVA/DGS-3420_SERIES_REVA-B_FIRMWARE_1.50.018_WW.ZIP
dlink,DGS-1100-08,A,1/19/15,ftp://FTP2.DLINK.COM/PRODUCTS/DGS-1100-08/REVA/DGS-1100-08_REVA_FIRMWARE_1.10.030.ZIP
dlink,DGS-1100-10MPPV2,A,6/24/21,https://support.dlink.com/resource/PRODUCTS/DGS-1100-10MPPV2/REVA/FIRMWARE/DGS-1100V2-SERIES_REVA_FIRMWARE_v2.00.003.zip
dlink,DGS-1100-24,A,5/7/12,ftp://FTP2.DLINK.COM/PRODUCTS/DGS-1100-24/REVA/DGS-1100-24_FIRMWARE_1.00.009.ZIP
dlink,DCS-4614EK,A,5/24/21,https://support.dlink.com/resource/PRODUCTS/DCS-4614EK/REVA/FIRMWARE/DCS-4614EK_REVA_FIRMWARE_v1.00.25.zip
dlink,DES-3052,A,2/3/09,ftp://FTP2.DLINK.COM/PRODUCTS/DES-3052/REVA/DES-3052_FIRMWARE_2.00B27.ZIP
dlink,DAP-2310,B,11/11/16,ftp://FTP2.DLINK.COM/PRODUCTS/DAP-2310/REVB/DAP-2310_REVB_FIRMWARE_2.06.RC029.ZIP
dlink,DAP-2310,B,11/11/16,ftp://FTP2.DLINK.COM/PRODUCTS/DAP-2310/REVB/DAP-2310_REVB_FIRMWARE_2.10.RC036.ZIP
dlink,DGS-1100-08,A,6/15/15,ftp://FTP2.DLINK.COM/PRODUCTS/DGS-1100-08/REVA/DGS-1100-08_REVA_FIRMWARE_1.10.033_WW.ZIP
dlink,DAP-1665,B,5/30/18,ftp://FTP2.DLINK.COM/PRODUCTS/DAP-1665/REVB/DAP-1665_REVB_FIRMWARE_v2.03B03.zip
dlink,DAP-2330,A,1/13/16,ftp://FTP2.DLINK.COM/PRODUCTS/DAP-2330/REVA/DAP-2330_REVA_FIRMWARE_1.06.RC020.ZIP
dlink,DGS-1100-24,A,10/3/12,ftp://FTP2.DLINK.COM/PRODUCTS/DGS-1100-24/REVA/DGS-1100-24_FIRMWARE_1.00.012.ZIP
dlink,DAP-2330,A,10/30/14,ftp://ftp2.dlink.com/PRODUCTS/DAP-2330/REVA/DAP-2330_REVA_FIRMWARE_1.01RC014.ZIP
dlink,DGS-1100-16,A,10/3/12,ftp://FTP2.DLINK.COM/PRODUCTS/DGS-1100-16/REVA/DGS-1100-16_FIRMWARE_1.10.005.ZIP
dlink,DGS-1100-16,A,5/7/12,ftp://FTP2.DLINK.COM/PRODUCTS/DGS-1100-16/REVA/DGS-1100-16_FIRMWARE_1.00.009.ZIP
dlink,DES-3052,A,10/1/07,ftp://FTP2.DLINK.COM/PRODUCTS/DES-3052/REVA/DES-3052_FIRMWARE_1.00B32.ZIP
dlink,DNS-1250-06,32774,7/11/12,ftp://ftp2.dlink.com/PRODUCTS/DNS-1250-06/REVA/DNS-1250-06_FIRMWARE_03.01.4800.01.ZIP
dlink,DGS-3612G,A,3/13/08,ftp://ftp2.dlink.com/PRODUCTS/DGS-3612G/REVA/DGS-3612G_FIRMWARE_2.40B19.ZIP
dlink,DGS-1100-05PD,B,11/7/18,ftp://FTP2.DLINK.COM/PRODUCTS/DGS-1100-SERIES/REVB/HOTFIX/v1.00.031/DGS-1100-05PD_REVB_FIRMWARE_HOTFIX_v1.00B031.zip
dlink,DXS-3610-54S/SI,A,7/13/21,https://support.dlink.com/resource/PRODUCTS/DXS-3610-SERIES/REVA/FIRMWARE/DXS-3610-SERIES_REVA_FIRMWARE_v1.01.023.zip
dlink,DAP-1665,A,2/5/15,ftp://ftp2.dlink.com/PRODUCTS/DAP-1665/REVA/DAP-1665_REVA_FIRMWARE_1.13.B05.ZIP
dlink,DXS-3610-54T/SI,A,7/13/21,https://support.dlink.com/resource/PRODUCTS/DXS-3610-SERIES/REVA/FIRMWARE/DXS-3610-SERIES_REVA_FIRMWARE_v1.01.023.zip
dlink,DXS-3610-54S/SI,A,5/27/21,https://support.dlink.com/resource/PRODUCTS/DXS-3610-SERIES/REVA/FIRMWARE/DXS-3610-SERIES_REVA_FIRMWARE_v1.00.040.zip
dlink,DXS-3610-54T/SI,A,5/27/21,https://support.dlink.com/resource/PRODUCTS/DXS-3610-SERIES/REVA/FIRMWARE/DXS-3610-SERIES_REVA_FIRMWARE_v1.00.040.zip
dlink,DAP-1665,A,11/17/16,ftp://FTP2.DLINK.COM/PRODUCTS/DAP-1665/REVA/DAP-1665_REVA_FIRMWARE_1.16.B01.ZIP
dlink,DAP-2310,B,7/29/20,ftp://FTP2.DLINK.COM/PRODUCTS/DAP-2310/REVB/DAP-2310_REVB_FIRMWARE_3.00R048.zip
dlink,DAP-1665,A,11/17/16,ftp://FTP2.DLINK.COM/PRODUCTS/DAP-1665/REVA/DAP-1665_REVA_FIRMWARE_1.14.B06.ZIP
dlink,DAP-1665,A,3/26/14,ftp://ftp2.dlink.com/PRODUCTS/DAP-1665/REVA/DAP-1665_FIRMWARE_1.10B11.ZIP
dlink,DAP-1665,A,6/2/14,ftp://ftp2.dlink.com/PRODUCTS/DAP-1665/REVA/DAP-1665_FIRMWARE_1.11B05.ZIP
dlink,DES-1210-28P,C,1/30/19,ftp://FTP2.DLINK.COM/PRODUCTS/DES-1210-28P/REVC/BETA/DES-1210-28P_REVC_FIRMWARE_v4.12.045_BETA.zip
dlink,DAP-1665,A,11/17/16,ftp://FTP2.DLINK.COM/PRODUCTS/DAP-1665/REVA/DAP-1665_REVA_FIRMWARE_1.15.B08.ZIP
dlink,DES-1210-28,C,3/19/15,ftp://ftp2.dlink.com/PRODUCTS/DES-1210-28/REVC/DES-1210-28_REVC_FIRMWARE_4.00.042.ZIP
dlink,DES-1210-28,C,7/17/17,ftp://FTP2.DLINK.COM/PRODUCTS/DES-1210-28/REVC/DES-1210-28_REVC_FIRMWARE_v4.10.004.zip
dlink,DES-1210-28,C,7/22/15,ftp://FTP2.DLINK.COM/PRODUCTS/DES-1210-28/REVC/DES-1210-28_REVC_FIRMWARE_4.00.064_WW.ZIP
dlink,DES-1210-28,A,4/13/11,ftp://ftp2.dlink.com/PRODUCTS/DES-1210-28/REVA/DES-1210-28_REVA_FIRMWARE_2.00.011.ZIP
dlink,DES-1210-28,unknown,10/9/13,ftp://ftp2.dlink.com/PRODUCTS/DES-1210-28/REVB/DES-1210-28_REVB_FIRMWARE_3.10.011.ZIP
dlink,DES-1210-28,A,8/11/11,ftp://ftp2.dlink.com/PRODUCTS/DES-1210-28/REVA/DES-1210-28_REVA_FIRMWARE_2.01.002.ZIP
dlink,DGS-1100-05PDV2,A,10/14/21,https://support.dlink.com/resource/PRODUCTS/DGS-1100-05PDV2/REVA/FIRMWARE/DGS-1100-05PDV2_REVA_FIRMWARE_v1.00.003.zip
dlink,DGS-1100-05V2,A,4/12/21,https://support.dlink.com/resource/PRODUCTS/DGS-1100-05V2/REVA/FIRMWARE/DGS-1100-05V2_REVA_FIRMWARE_v1.00.003.zip
dlink,DNR-2020-04P,A,7/31/18,ftp://FTP2.DLINK.COM/PRODUCTS/DNR-2020-04P/REVA/FIRMWARE/DNR-2020-04P_REVA_FIRMWARE_v1.02.07.zip
dlink,DNH-100,A,1/27/21,https://support.dlink.com/resource/PRODUCTS/DNH-100/REVA/FIRMWARE/DNH-100_REVA_FIRMWARE_v1.0.1.03B08_HOTFIX.zip
dlink,2020.07.17-15.20_DSL_224RTL_3.0.7_release,unknown,unknown,ftp://ftp.dlink.by/pub/ADSL/DSL-224/Firmware/2020.07.17-15.20_DSL_224RTL_3.0.7_release.bin
dlink,DIS-200G-12SW,A,10/21/19,ftp://FTP2.DLINK.COM/PRODUCTS/DIS-200G-SERIES/REVA/DIS-200G-SERIES_FIRMWARE_v1.20.008_HOTFIX.zip
dlink,DAP-2610,A,6/16/21,https://support.dlink.com/resource/PRODUCTS/DAP-2610/REVA/DAP-2610_REVA_FIRMWARE_v2.06R089.zip
dlink,DCS-6113,unknown,3/13/12,ftp://FTP2.DLINK.COM/PRODUCTS/DCS-6113/REVA/DCS-6113_FIRMWARE_1.00.ZIP
dlink,DES-1210-28,unknown,8/19/14,ftp://ftp2.dlink.com/PRODUCTS/DES-1210-28/REVB/DES-1210-28_REVB_FIRMWARE_3.12.015.ZIP
dlink,DES-1210-28P,unknown,7/22/15,ftp://FTP2.DLINK.COM/PRODUCTS/DES-1210-28P/REVC/DES-1210_28P_REVC_FIRMWARE_4.00.064_WW.ZIP
dlink,DGS-1100-08,unknown,9/10/13,ftp://FTP2.DLINK.COM/PRODUCTS/DGS-1100-08/REVA/DGS-1100-08_FIRMWARE_1.10.002.ZIP
dlink,DGS-1100-08,unknown,1/23/14,ftp://ftp2.dlink.com/PRODUCTS/DGS-1100-08/REVA/DGS-1100-08_FIRMWARE_1.10.011.ZIP
dlink,DGS-3100-24,unknown,7/16/13,ftp://FTP2.DLINK.COM/PRODUCTS/DGS-3100-24/REVA/DGS-3100-24_FIRMWARE_2.0047.ZIP
dlink,DGS-3100-24,unknown,7/16/13,ftp://FTP2.DLINK.COM/PRODUCTS/DGS-3100-24/REVA/DGS-3100-24_FIRMWARE_2.50.19.ZIP
dlink,DGS-3120-24TC,unknown,2/26/14,ftp://ftp2.dlink.com/PRODUCTS/DGS-3120-24TC/REVB/DGS-3120-24TC_REVB_FIRMWARE_3.10.512.ZIP
dlink,DGS-3224TGR,unknown,4/13/07,ftp://FTP2.DLINK.COM/PRODUCTS/DGS-3224TGR/REVA/DGS-3224TGR_FIRMWARE_3.01027.HAD
dlink,DGS-3224TGR,unknown,2/9/05,ftp://FTP2.DLINK.COM/PRODUCTS/DGS-3224TGR/REVA/DGS-3224TGR_FIRMWARE_3.01B18.HAD
dlink,DGS-3224TGR,unknown,9/9/04,ftp://FTP2.DLINK.COM/PRODUCTS/DGS-3224TGR/REVA/DGS-3224TGR_FIRMWARE_2.03B08.HAD
dlink,DGS-3312SR,unknown,7/16/13,ftp://ftp2.dlink.com/PRODUCTS/DGS-3312SR/REVA/DGS-3312SR_FIRMWARE_1.01B26.HAD
dlink,DGS-3312SR,unknown,7/16/13,ftp://ftp2.dlink.com/PRODUCTS/DGS-3312SR/REVA/DGS-3312SR_FIRMWARE_2.00B17.HAD
dlink,DGS-3324SR,unknown,7/16/13,ftp://FTP2.DLINK.COM/PRODUCTS/DGS-3324SR/REVA/DGS-3324SR_FIRMWARE_1.10B21.ZIP
dlink,DGS-6604,unknown,11/11/13,ftp://ftp2.dlink.com/PRODUCTS/DGS-6604/REVA/DGS-6604_FIRMWARE_3.00.080.ZIP
dlink,DGS-6604,unknown,11/11/13,ftp://ftp2.dlink.com/PRODUCTS/DGS-6604/REVA/DGS-6604_FIRMWARE_1.00.036.ZIP
dlink,DNS-1250-06,unknown,9/2/14,ftp://ftp2.dlink.com/PRODUCTS/DNS-1250-06/REVA/DNS-1250-06_FIRMWARE_03.01.4800.05.ZIP
dlink,DSR-150N,unknown,7/5/17,ftp://FTP2.DLINK.COM/PRODUCTS/DSR-150N/REVA/DNR-150N_REVA_FIRMWARE_v3.11.zip
dlink,DAP-2553,A,1/21/15,ftp://FTP2.DLINK.COM/PRODUCTS/DAP-2553/REVA/DAP-2553_REVA_FIRMWARE_v1.31RC071.zip
dlink,DAP-2610,A,11/4/19,ftp://FTP2.DLINK.COM/PRODUCTS/DAP-2610/REVA/DAP-2610_REVA_FIRMWARE_v2.01RC067.zip
dlink,DAP-2565,A,6/19/13,ftp://FTP2.DLINK.COM/PRODUCTS/DAP-2565/REVA/DAP-2565_FIRMWARE_1.11.ZIP
dlink,DES-3226L,unknown,1/23/08,ftp://FTP2.DLINK.COM/PRODUCTS/DES-3226L/REVB/DES-3226L_REVB_FIRMWARE_1.4.2.0.ZIP
dlink,DGS-3630-Series,A,3/2/21,https://support.dlink.com/resource/PRODUCTS/DGS-3630-SERIES/REVA/FIRMWARE/DGS-3630-SERIES_REVA_FIRMWARE_v2.25.018.zip
dlink,DES-1210-52,A,12/13/10,ftp://ftp2.dlink.com/PRODUCTS/DES-1210-52/REVA/DES-1210-52_REVA_FIRMWARE_2.00.011.ZIP
dlink,DES-1210-52,B,8/19/14,ftp://ftp2.dlink.com/PRODUCTS/DES-1210-52/REVB/DES-1210-52_REVB_FIRMWARE_3.12.015.ZIP
dlink,DGS-3630-Series,A,11/7/18,ftp://FTP2.DLINK.COM/PRODUCTS/DGS-3630-SERIES/REVA/FIRMWARE/DGS-3630-SERIES_REVA_FIRMWARE_v2.20.008.zip
dlink,DAP-2610,unknown,5/1/17,ftp://FTP2.DLINK.COM/PRODUCTS/DAP-2610/REVA/DAP-2610_REVA_FIRMWARE_v1.01RC017.zip
dlink,DCS-1201,unknown,7/18/16,ftp://FTP2.DLINK.COM/PRODUCTS/DCS-1201/REVA/DCS-1201_REVA_FIRMWARE_1.00.05.ZIP
dlink,DES-1210-28,unknown,1/29/19,ftp://FTP2.DLINK.COM/PRODUCTS/DES-1210-28/REVB/BETA/DES-1210-28_REVB_FIRMWARE_v3.12B061_BETA.zip
dlink,DES-1210-28P,unknown,3/20/15,ftp://ftp2.dlink.com/PRODUCTS/DES-1210-28P/REVC/DES-1210-28P_REVC_FIRMWARE_4.00.050.ZIP
dlink,DES-3350SR,unknown,11/12/04,ftp://ftp2.dlink.com/PRODUCTS/DES-3350SR/REVA/DES-3350SR_FIRMWARE_1.02.034.ZIP
dlink,DAP-2660,A,10/30/14,ftp://ftp2.dlink.com/PRODUCTS/DAP-2660/REVA/DAP-2660_REVA_FIRMWARE_1.05RC016.ZIP
dlink,DCS-6113,unknown,10/3/12,ftp://FTP2.DLINK.COM/PRODUCTS/DCS-6113/REVA/DCS-6113_FIRMWARE_1.20.ZIP
dlink,DCS-3511,unknown,4/26/16,ftp://FTP2.DLINK.COM/PRODUCTS/DCS-3511/REVA/DCS-3511_REVA_FIRMWARE_1.01.ZIP
dlink,DBS-2000-Series,A,4/30/20,ftp://FTP2.DLINK.COM/PRODUCTS/DBS-2000-SERIES/REVA/FIRMWARE/DBS-2000-SERIES_REVA_FIRMWARE_v1.00.34.zip
dlink,DBS-2000-Series,A,4/13/21,https://support.dlink.com/resource/PRODUCTS/DBS-2000-SERIES/REVA/FIRMWARE/DBS-2000-SERIES_REVA_FIRMWARE_v1.20.008.zip
dlink,DBA-2820P,A,10/30/19,ftp://FTP2.DLINK.COM/PRODUCTS/DBA-2820P/REVA/FIRMWARE/DBA-2820P_REVA_FIRMWARE_v2.00.009.zip
dlink,DBA-2820P,A,2/26/20,ftp://FTP2.DLINK.COM/PRODUCTS/DBA-2820P/REVA/FIRMWARE/DBA-2820P_REVA_FIRMWARE_v2.01.002.zip
dlink,DBA-2520P,A,6/2/20,ftp://FTP2.DLINK.COM/PRODUCTS/DBA-2520P/REVA/FIRMWARE/DBA-2520P_REVA_FIRMWARE_v2.01.001_WW.zip
dlink,DAP-3666,A,2/5/21,https://support.dlink.com/resource/PRODUCTS/DAP-3666/REVA/FIRMWARE/DAP-3666_REVA_FIRMWARE_v1.01.038.zip
dlink,DSR-150N,unknown,12/6/18,ftp://FTP2.DLINK.COM/PRODUCTS/DSR-150N/REVA/DSR-150N_REVA_FIRMWARE_v3.13_WW.zip
dlink,DSR-150N,unknown,6/27/19,ftp://FTP2.DLINK.COM/PRODUCTS/DSR-150N/REVA/DSR-150N_REVA_FIRMWARE_v3.14.zip
dlink,DSR-150N,unknown,9/12/17,ftp://FTP2.DLINK.COM/PRODUCTS/DSR-150N/REVA/DSR-150N_REVA4_FIRMWARE_v3.11B101H.zip
dlink,DCS-4602EV,unknown,11/14/16,ftp://FTP2.DLINK.COM/PRODUCTS/DCS-4602EV/REVA/DCS-4602EV_REVA_FIRMWARE_1.04.02.ZIP
dlink,DSR-500,unknown,5/31/19,ftp://FTP2.DLINK.COM/PRODUCTS/DSR-500/REVB/DSR-500_REVB_FIRMWARE_v3.14_WW.zip
dlink,DSR-500,unknown,12/6/18,ftp://FTP2.DLINK.COM/PRODUCTS/DSR-500/REVB/DSR-500_REVB_FIRMWARE_v3.13_WW.zip
dlink,DSR-500,5x-121-EN,8/1/17,ftp://FTP2.DLINK.COM/PRODUCTS/DSR-500/REVB/DSR-500_REVB_FIRMWARE_v3.11_WW.zip
dlink,DSR-500N,5x-121-EN,11/9/16,ftp://FTP2.DLINK.COM/PRODUCTS/DSR-500N/REVA/DSR-500N_REVA_FIRMWARE_2.11B201C.ZIP
dlink,DSR-500N,5x-121-EN,8/14/17,ftp://FTP2.DLINK.COM/PRODUCTS/DSR-500N/REVA/DSR-500N_REVA_FIRMWARE_v2.12.zip
dlink,DCS-4602EV,unknown,10/16/15,ftp://FTP2.DLINK.COM/PRODUCTS/DCS-4602EV/REVA/DCS-4602EV_REVA_FIRMWARE_1.01.ZIP
dlink,DSR-500N,unknown,6/26/18,ftp://FTP2.DLINK.COM/PRODUCTS/DSR-500N/REVA/DSR-500N_A1_FIRMWARE_v2.13_WW.zip
dlink,DWC-1000,unknown,10/18/17,ftp://FTP2.DLINK.COM/PRODUCTS/DWC-1000/REVA/DWC-1000_REVA_FIRMWARE_v4.6.1.1.zip
dlink,DSR-150N,unknown,1/29/18,ftp://FTP2.DLINK.COM/PRODUCTS/DSR-150N/REVA/DSR-150N_REVA_FIRMWARE_v3.12_WW.zip
dlink,DSR-250N,unknown,6/27/19,ftp://FTP2.DLINK.COM/PRODUCTS/DSR-250N/REVA/DSR-250N_REVA_FIRMWARE_v3.14.zip
dlink,DCS-4602EV,unknown,2/26/16,ftp://FTP2.DLINK.COM/PRODUCTS/DCS-4602EV/REVA/DCS-4602EV_REVA_FIRMWARE_1.03.ZIP
dlink,DCS-5222L_Bx_FW_v2.16.03,unknown,unknown,ftp://ftp.dlink.by/pub/Multimedia/DCS-5222L/Firmware/DCS-5222L_Bx_FW_v2.16.03.bin
dlink,DCS-4705E_A1_FW_v1.02.00(1104092331),unknown,unknown,ftp://ftp.dlink.by/pub/IP-Camera/DCS-4705E/Firmware/DCS-4705E_A1_FW_v1.02.00(1104092331).bin
dlink,DCS-4705E_A1_FW_v1.01.00,unknown,unknown,ftp://ftp.dlink.by/pub/IP-Camera/DCS-4705E/Firmware/DCS-4705E_A1_FW_v1.01.00.bin
dlink,DGS-6604-SK,unknown,11/11/13,ftp://ftp2.dlink.com/PRODUCTS/DGS-6604-SK/REVA/DGS-6604-SK_FIRMWARE_3.00.080.ZIP
dlink,DGS-6604-SK,unknown,11/11/13,ftp://ftp2.dlink.com/PRODUCTS/DGS-6604-SK/REVA/DGS-6604-SK_FIRMWARE_2.10.011.ZIP
dlink,DNH-100,A,9/21/21,https://support.dlink.com/resource/PRODUCTS/DNH-100/REVA/FIRMWARE/DNH-100_REVA_FIRMWARE_v1.1.0.11.zip
dlink,DIS-200G-12S,A,10/21/19,ftp://FTP2.DLINK.COM/PRODUCTS/DIS-200G-SERIES/REVA/DIS-200G-SERIES_FIRMWARE_v1.20.008_HOTFIX.zip
dlink,DSR-250N,unknown,4/11/16,ftp://FTP2.DLINK.COM/PRODUCTS/DSR-250N/REVA/DSR-250N_REVA2_FIRMWARE_2.11_WW.ZIP
dlink,DSR-250N,unknown,7/5/17,ftp://FTP2.DLINK.COM/PRODUCTS/DSR-250N/REVA/DSR-250N_REVA_FIRMWARE_v3.11.zip
dlink,DSR-150N,unknown,4/11/16,ftp://FTP2.DLINK.COM/PRODUCTS/DSR-150N/REVA/DSR-150N_REVA2_FIRMWARE_2.11_WW.ZIP
dlink,DSR-250,unknown,11/12/13,ftp://ftp2.dlink.com/PRODUCTS/DSR-250/REVA/DSR-250_REVA2_FIRMWARE_1.08B44.ZIP
dlink,DSR-150N,unknown,11/13/14,ftp://FTP2.DLINK.COM/PRODUCTS/DSR-150N/REVA/DSR-150N_REVA2_FIRMWARE_2.01_WW.ZIP
dlink,DSR-150,unknown,10/23/13,ftp://ftp2.dlink.com/PRODUCTS/DSR-150/REVA/DSR-150_A1_FIRMWARE_1.08B29.ZIP
dlink,DSR-250,unknown,10/22/13,ftp://ftp2.dlink.com/PRODUCTS/DSR-250/REVA/DSR-250_FIRMWARE_1.08B39.ZIP
dlink,DSR-150,unknown,12/6/18,ftp://FTP2.DLINK.COM/PRODUCTS/DSR-150/REVC/DSR-150_REVC_FIRMWARE_v3.13_WW.zip
dlink,DSR-250,unknown,11/12/13,ftp://ftp2.dlink.com/PRODUCTS/DSR-250/REVA/DSR-250_REVA1_FIRMWARE_1.08B44.ZIP
dlink,DSR-250,unknown,4/29/14,ftp://ftp2.dlink.com/PRODUCTS/DSR-250/REVA/DSR-250_REVA1_FIRMWARE_1.09B32.ZIP
dlink,DSR-250,unknown,6/4/12,ftp://FTP2.DLINK.COM/PRODUCTS/DSR-250/REVA/DSR-250_FIRMWARE_1.05B20.ZIP
dlink,DSR-250,unknown,11/13/14,ftp://FTP2.DLINK.COM/PRODUCTS/DSR-250/REVA/DSR-250_REVA2_FIRMWARE_2.01_WW.ZIP
dlink,DSR-250,unknown,1/29/18,ftp://FTP2.DLINK.COM/PRODUCTS/DSR-250/REVA/DSR-250_REVA_FIRMWARE_v3.12_WW.zip
dlink,DSR-500,unknown,1/28/15,ftp://ftp2.dlink.com/PRODUCTS/DSR-500/REVA/DSR-500_REVA_FIRMWARE_2.02.ZIP
dlink,DSR-250,unknown,7/5/17,ftp://FTP2.DLINK.COM/PRODUCTS/DSR-250/REVA/DSR-250_REVA_FIRMWARE_v3.11.zip
dlink,DSR-250,unknown,12/4/18,ftp://FTP2.DLINK.COM/PRODUCTS/DSR-250/REVA/DSR-250_REVA_FIRMWARE_v3.13_WW.zip
dlink,DES-1210-28P,unknown,7/17/17,ftp://FTP2.DLINK.COM/PRODUCTS/DES-1210-28P/REVC/DES-1210-28P_REVC_FIRMWARE_v4.12.016.zip
dlink,DSR-250,unknown,6/27/19,ftp://FTP2.DLINK.COM/PRODUCTS/DSR-250/REVA/DSR-250_REVA_FIRMWARE_v3.14.zip
dlink,DSR-250,unknown,6/27/19,ftp://FTP2.DLINK.COM/PRODUCTS/DSR-250/REVC/DSR-250_REVC_FIRMWARE_v3.14.zip
dlink,DSR-500,unknown,4/13/18,ftp://FTP2.DLINK.COM/PRODUCTS/DSR-500/REVB/DSR-500_REVB_FIRMWARE_v3.12B101H_WW.zip
dlink,DSR-500,unknown,11/9/16,ftp://FTP2.DLINK.COM/PRODUCTS/DSR-500/REVA/DSR-500_REVA_FIRMWARE_2.11B201C.ZIP
dlink,DSR-250N,unknown,1/29/18,ftp://FTP2.DLINK.COM/PRODUCTS/DSR-250N/REVA/DSR-250N_REVA_FIRMWARE_v3.12_WW.zip
dlink,DGS-1100-05PD,B,5/25/21,https://support.dlink.com/resource/PRODUCTS/DGS-1100-05PD/REVB/FIRMWARE/DGS-1100-05PD_REVB_FIRMWARE_v1.00.038_HOTFIX.zip
dlink,DAP-1665,A,3/6/19,ftp://FTP2.DLINK.COM/PRODUCTS/DAP-1665/REVB/DAP-1665_REVB_FIRMWARE_v2.06B01.zip
dlink,2021.09.29-11.02_DSL_2640RTL_R_3.0.1_release,unknown,unknown,ftp://ftp.dlink.by/pub/ADSL/DSL-2640U_RA_U1A/Firmware/2021.09.29-11.02_DSL_2640RTL_R_3.0.1_release.bin
dlink,DGS-1100-24,B,2/10/15,ftp://ftp2.dlink.com/PRODUCTS/DGS-1100-24/REVB/DGS-1100-24_REVB_FIRMWARE_1.00.003.ZIP
dlink,DGS-1100-24PV2,A,5/5/20,ftp://FTP2.DLINK.COM/PRODUCTS/DGS-1100-24PV2/REVA/FIRMWARE/DGS-1100-16_24_24P-V2_REVA_FIRMWARE_v1.00.010.zip
dlink,DG-104S,A,10/16/13,ftp://ftp2.dlink.com/PRODUCTS/DG-104S/REVA/DG-104S_FIRMWARE_1.4.ZIP
dlink,2021.08.17-14.10_DSL_245GR_RTL_4.0.2_release,unknown,unknown,ftp://ftp.dlink.by/pub/ADSL/DSL-245GR/Firmware/2021.08.17-14.10_DSL_245GR_RTL_4.0.2_release.bin
dlink,DCS-4701E_B1_FW_V2.01.00,unknown,unknown,ftp://ftp.dlink.by/pub/IP-Camera/DCS-4701E_UPA/Firmware/DCS-4701E_B1_FW_V2.01.00.bin
dlink,DGS-1100-24V2,A,8/11/20,ftp://FTP2.DLINK.COM/PRODUCTS/DGS-1100-24V2/REVA/FIRMWARE/DGS-1100-V2_SERIES_REVA_FIRMWARE_v2.00.003.zip
dlink,DGS-1100-24V2,A,4/22/20,ftp://FTP2.DLINK.COM/PRODUCTS/DGS-1100-24V2/REVA/FIRMWARE/DGS-1100-16_24_24P-V2_REVA_FIRMWARE_v1.00.010.zip
dlink,DCS-7517,B,12/17/20,ftp://FTP2.DLINK.COM/PRODUCTS/DCS-7517/REVB/DCS-7517_REVB_FIRMWARE_v2.02.01.zip
dlink,DCS-7517,B,5/21/19,ftp://FTP2.DLINK.COM/PRODUCTS/DCS-7517/REVB/DCS-7517_REVB_FIRMWARE_v2.01.00.zip
dlink,2021.10.08-14.43_DSL_2740RTL_R_3.0.1_release,unknown,unknown,ftp://ftp.dlink.by/pub/ADSL/DSL-2740U/Firmware/2021.10.08-14.43_DSL_2740RTL_R_3.0.1_release.bin
dlink,2021.09.30-10.48_DSL_2750RTL_R_3.0.1_release,unknown,unknown,ftp://ftp.dlink.by/pub/ADSL/DSL-2750U/Firmware/2021.09.30-10.48_DSL_2750RTL_R_3.0.1_release.bin
dlink,DCS-7517,unknown,2/26/16,ftp://FTP2.DLINK.COM/PRODUCTS/DCS-7517/REVA/DCS-7517_REVA_FIRMWARE_1.10_WW.ZIP
dlink,DCS-7513,B,1/17/20,ftp://FTP2.DLINK.COM/PRODUCTS/DCS-7513/REVB/DCS-7513_REVB_FIRMWARE_v2.02.03.zip
dlink,DCS-7513,unknown,1/20/15,ftp://ftp2.dlink.com/PRODUCTS/DCS-7513/REVA/DCS-7513_REVA_FIRMWARE_1.10.00.ZIP
dlink,DES-3052P,A,2/3/09,ftp://FTP2.DLINK.COM/PRODUCTS/DES-3052P/REVA/DES-3052P_FIRMWARE_2.00B27.ZIP
dlink,DES-3200-28,C,3/9/15,ftp://ftp2.dlink.com/PRODUCTS/DES-3200-28/REVC/DES-3200-28_REVC_FIRMWARE_4.05.004.ZIP
dlink,DGS-1100-24PV2,A,8/11/20,ftp://FTP2.DLINK.COM/PRODUCTS/DGS-1100-24PV2/REVA/FIRMWARE/DGS-1100-V2_SERIES_REVA_FIRMWARE_v2.00.003.zip
dlink,DGS-1100-24,B,7/15/15,ftp://FTP2.DLINK.COM/PRODUCTS/DGS-1100-24/REVB/DGS-1100-24_REVB_FIRMWARE_1.01.018_WW.ZIP
dlink,DGS-1210-Series,5x-123-EN,12/14/17,ftp://FTP2.DLINK.COM/PRODUCTS/DGS-1210-SERIES/REVF/FIRMWARE/v6.00.021/DGS-1210-52MP_REVF_FIRMWARE_v6.00.021.zip
dlink,DES-3852,123,4/19/07,ftp://ftp2.dlink.com/PRODUCTS/DES-3852/REVA/DES-3852_FIRMWARE_3.00B29.ZIP
dlink,DG-104SH,A,10/16/13,ftp://ftp2.dlink.com/PRODUCTS/DG-104SH/REVA/DG-104SH_FIRMWARE_B02.ZIP
dlink,DGS-1250-52X-6KV,A,7/29/21,https://support.dlink.com/resource/PRODUCTS/DGS-1250-SERIES/REVA/FIRMWARE/DGS-1250-SERIES_REVA_FIRMWARE_v2.03.004.zip
dlink,DG-104SH,5x-120-EN,10/16/13,ftp://ftp2.dlink.com/PRODUCTS/DG-104SH/REVA/DG-104SH_FIRMWARE_B41.ZIP
dlink,DG-104S,A,10/16/13,ftp://ftp2.dlink.com/PRODUCTS/DG-104S/REVA/DG-104S_FIRMWARE_B35.ZIP
dlink,DG-102SH,5x-120-EN,7/16/03,ftp://ftp2.dlink.com/PRODUCTS/DG-102SH/REVA/DG-102SH_FIRMWARE_B43.ZIP
dlink,DG-102S,5x-121-EN,10/13/03,ftp://ftp2.dlink.com/PRODUCTS/DG-102S/REVA/DG-102S_FIRMWARE_B48.ZIP
dlink,DFL-260E,5x-120-EN,12/9/16,ftp://FTP2.DLINK.COM/PRODUCTS/DFL-260E/REVA/DFL-260E_REVA_FIRMWARE_11.04.01.zip
dlink,DFL-260E,5x-121-EN,2/19/19,ftp://FTP2.DLINK.COM/PRODUCTS/DFL-260E/REVA/DFL-260E_REVA_FIRMWARE_v12.00.13.zip
dlink,DFL-860E,5x-120-EN,2/19/19,ftp://FTP2.DLINK.COM/PRODUCTS/DFL-860E/DFL-860E_REVA_FIRMWARE_v12.00.13.zip
dlink,DFL-2560G,5x-120-EN,2/19/19,ftp://FTP2.DLINK.COM/PRODUCTS/DFL-2560G/REVA/DFL-2560G_REVA_FIRMWARE_v12.00.13.zip
dlink,DFL-2560G,5x-120-EN,4/7/17,ftp://FTP2.DLINK.COM/PRODUCTS/DFL-2560G/REVA/DFL-2560G_REVA_FIRMWARE_v11.10.01.zip
dlink,DFL-2560,5x-121-EN,6/3/19,ftp://FTP2.DLINK.COM/PRODUCTS/DFL-2560/REVA/DFL-2560_REVA_FIRMWARE_v12.00.16.09_WW.zip
dlink,DFL-1660,5x-116-PL,6/3/19,ftp://FTP2.DLINK.COM/PRODUCTS/DFL-1660/REVA/DFL-1660_REVA_FIRMWARE_v12.00.16.09_WW.zip
dlink,DFL-2560,5x-121-EN,2/19/19,ftp://FTP2.DLINK.COM/PRODUCTS/DFL-2560/REVA/DFL-2560_REVA_FIRMWARE_v12.00.13.zip
dlink,DES-5200,125,10/11/13,ftp://ftp2.dlink.com/PRODUCTS/DES-5200/REVA/DES-5200_FIRMWARE_2.31.ZIP
dlink,DES-3200-28,C,8/12/14,ftp://ftp2.dlink.com/PRODUCTS/DES-3200-28/REVC/DES-3200-28_REVC_FIRMWARE_4.04.004.ZIP
dlink,DES-3200-52P,C,9/3/13,ftp://ftp2.dlink.com/PRODUCTS/DES-3200-52P/REVC/DES-3200-52P_REVC_FIRMWARE_4.00.024.ZIP
dlink,DES-3200-52P,C,8/12/14,ftp://ftp2.dlink.com/PRODUCTS/DES-3200-52P/REVC/DES-3200-52P_REVC_FIRMWARE_4.04.004.ZIP
dlink,DES-3216,A,3/19/98,ftp://ftp2.dlink.com/PRODUCTS/DES-3216/REVA/DES-3216_FIRMWARE_2.02.ZIP
dlink,DGS-1520-52MP,A,3/17/21,https://support.dlink.com/resource/PRODUCTS/DGS-1520-SERIES/REVA/FIRMWARE/DGS-1520-SERIES_REVA_FIRMWARE_v1.00.029.zip
dlink,DGS-1520-52,A,3/17/21,https://support.dlink.com/resource/PRODUCTS/DGS-1520-SERIES/REVA/FIRMWARE/DGS-1520-SERIES_REVA_FIRMWARE_v1.00.029.zip
dlink,DCS-4705E,A,3/2/21,https://support.dlink.com/resource/PRODUCTS/DCS-4705E/REVA/DCS-4705E_REVA_FIRMWARE_v1.02.01_HOTFIX.zip
dlink,DCS-4718E,A,5/20/21,https://support.dlink.com/resource/PRODUCTS/DCS-4718E/REVA/FIRMWARE/DCS-4718E_REVA_FIRMWARE_v1.00.14.zip
dlink,DCS-4714E,A,5/24/21,https://support.dlink.com/resource/PRODUCTS/DCS-4714E/REVA/FIRMWARE/DCS-4714E_REVA_FIRMWARE_v1.00.12.zip
dlink,DGS-1500-28,A,11/8/13,ftp://ftp2.dlink.com/PRODUCTS/DGS-1500-28/REVA/DGS-1500-28_FIRMWARE_2.10.002.ZIP
dlink,DGS-1500-28,A,10/9/14,ftp://ftp2.dlink.com/PRODUCTS/DGS-1500-28/REVA/DGS-1500-28_FIRMWARE_2.51.005.ZIP
dlink,DGS-1500-28,A,3/5/14,ftp://ftp2.dlink.com/PRODUCTS/DGS-1500-28/REVA/DGS-1500-28_FIRMWARE_2.50.008.ZIP
dlink,DGS-1500-28,A,1/24/19,ftp://FTP2.DLINK.COM/PRODUCTS/DGS-1500-28/REVA/DGS-1500-28_REVA_FIRMWARE_v2.51B022_BETA.zip
dlink,DGS-1510-Series,A,4/22/21,https://support.dlink.com/resource/PRODUCTS/DGS-1510-SERIES/HOTFIX/DGS-1510-SERIES_REVA_FIRMWARE_v1.70B023_HOTFIX.zip
dlink,DGS-1250-52XMP-6KV,A,2/2/21,https://support.dlink.com/resource/PRODUCTS/DGS-1250-SERIES/REVA/FIRMWARE/DGS-1250-SERIES_REVA_FIRMWARE_v2.02.030.zip
dlink,DGS-1250-52X-6KV,A,2/2/21,https://support.dlink.com/resource/PRODUCTS/DGS-1250-SERIES/REVA/FIRMWARE/DGS-1250-SERIES_REVA_FIRMWARE_v2.02.030.zip
dlink,DCS-4703E_A1_FW_v1.03.04,unknown,unknown,ftp://ftp.dlink.by/pub/IP-Camera/DCS-4703E/Firmware/DCS-4703E_A1_FW_v1.03.04.bin
dlink,DCS-7110,unknown,7/27/17,ftp://FTP2.DLINK.COM/PRODUCTS/DCS-7110/REVB/DCS-7110_REVB_FIRMWARE_v3.03.04_BETA.zip
dlink,DGS-1210-Series,F,7/23/20,https://support.dlink.com/resource/PRODUCTS/DGS-1210-SERIES/REVF/FIRMWARE/v6.20.007/DGS-1210-SERIES_REVF_FIRMWARE_v6.20.007.zip
dlink,DGS-3100-24,unknown,7/16/13,ftp://FTP2.DLINK.COM/PRODUCTS/DGS-3100-24/REVA/DGS-3100-24_FIRMWARE_2.0029.ZIP
dlink,DGS-3100-24P,A,7/16/13,ftp://FTP2.DLINK.COM/PRODUCTS/DGS-3100-24P/REVA/DGS-3100-24P_FIRMWARE_2.50.19.ZIP
dlink,DGS-3130-Series,B,10/4/21,https://support.dlink.com/resource/PRODUCTS/DGS-3130-SERIES/REVB/FIRMWARE/DGS-3130-SERIES_REVB_FIRMWARE_v2.00.B014.zip
dlink,DGS-3120-48TC,A,9/8/13,ftp://FTP2.DLINK.COM/PRODUCTS/DGS-3120-48TC/REVA/DGS-3120-48TC_FIRMWARE_1.00.028.ZIP
dlink,DCS-7110,A,6/30/17,ftp://FTP2.DLINK.COM/PRODUCTS/DCS-7110/REVB/DCS-7110_REVB_FIRMWARE_v3.02B01.zip
dlink,DES-3526DC,121,8/16/06,ftp://ftp2.dlink.com/PRODUCTS/DES-3526DC/REVA/DES-3526DC_FIRMWARE_4.01B19.ZIP
dlink,DCS-4701E_B1_FW_V2.02.00,unknown,unknown,ftp://ftp.dlink.by/pub/IP-Camera/DCS-4701E_UPA/Firmware/DCS-4701E_B1_FW_V2.02.00.bin
dlink,DCS-6511,A,10/19/15,ftp://FTP2.DLINK.COM/PRODUCTS/DCS-6511/REVA/DCS-6511_REVA_FIRMWARE_1.15.03.ZIP
dlink,DGS-3224SR,unknown,12/16/03,ftp://ftp2.dlink.com/PRODUCTS/DGS-3224SR/REVA/DGS-3224SR_FIRMWARE_1.10B21.ZIP
dlink,DCS-6511,B,5/16/17,ftp://FTP2.DLINK.COM/PRODUCTS/DCS-6511/REVB/DCS-6511_REVB_FIRMWARE_2.00B25.zip
dlink,DCS-6517,B,1/28/21,https://support.dlink.com/resource/PRODUCTS/DCS-6517/REVB/DCS-6517_REVB_FIRMWARE_v2.02.01.zip
dlink,DGS-3130-Series,A,3/2/21,https://support.dlink.com/resource/PRODUCTS/DGS-3130-SERIES/REVA/DGS-3130-SERIES_REVA_FIRMWARE_v1.16.002.zip
dlink,DES-3226L,A,7/28/05,ftp://ftp2.dlink.com/PRODUCTS/DES-3226L/REVA/DES-3226L_REVA_FIRMWARE_2.035.ZIP
dlink,DES-3226L,A,12/20/04,ftp://ftp2.dlink.com/PRODUCTS/DES-3226L/REVA/DES-3226L_REVA_FIRMWARE_2.0.13.ZIP
dlink,DCS-6517,B,7/9/20,ftp://FTP2.DLINK.COM/PRODUCTS/DCS-6517/REVB/DCS-6517_REVB_FIRMWARE_v2.01.00.zip
dlink,DES-3226L,A,5/25/04,ftp://ftp2.dlink.com/PRODUCTS/DES-3226L/REVA/DES-3226L_REVA_FIRMWARE_2.0.12.ZIP
dlink,DES-3225G,A,4/22/03,ftp://ftp2.dlink.com/PRODUCTS/DES-3225G/REVA/DES-3225G_FIRMWARE_RUNTIME_2.01B58.ZIP
dlink,DGS-1210-Series,F,2/3/21,https://support.dlink.com/resource/PRODUCTS/DGS-1210-SERIES/REVF/HOTFIX/v6.20.014/DGS-1210-SERIES_REVF_FIRMWARE_v6.20.B014_HOTFIX.zip
dlink,DGS-1100-05PD,5x-121-EN,6/13/17,ftp://FTP2.DLINK.COM/PRODUCTS/DGS-1100-05PD/REVB/DGS-1100-05PD_REVB_FIRMWARE_v1.00.016.zip
dlink,DES-3225G,A,6/11/03,ftp://ftp2.dlink.com/PRODUCTS/DES-3225G/REVA/DES-3225G_PROM_2.01B29.ZIP
dlink,DGS-3024,5x-123-EN,7/16/13,ftp://FTP2.DLINK.COM/PRODUCTS/DGS-3024/REVA/DGS-3024_FIRMWARE_2.00B13.EXE
dlink,DCS-4605EV,A,8/11/20,ftp://FTP2.DLINK.COM/PRODUCTS/DCS-4605EV/REVA/DCS-4605EV_REVA_FIRMWARE_v1.01.02.zip
dlink,DGS-1100-16V2,A,5/5/20,ftp://FTP2.DLINK.COM/PRODUCTS/DGS-1100-16V2/REVA/FIRMWARE/DGS-1100-16_24_24P-V2_REVA_FIRMWARE_v1.00.010.zip
dlink,2021.04.08-15.02_DSL_245GR_RTL_4.0.0_release,unknown,unknown,ftp://ftp.dlink.by/pub/ADSL/DSL-245GR/Firmware/2021.04.08-15.02_DSL_245GR_RTL_4.0.0_release.bin
dlink,2021.10.08-12.35_DSL_224RTL_3.0.8_release,unknown,unknown,ftp://ftp.dlink.by/pub/ADSL/DSL-224/Firmware/2021.10.08-12.35_DSL_224RTL_3.0.8_release.bin
dlink,DGS-1100-16V2,A,8/11/20,ftp://FTP2.DLINK.COM/PRODUCTS/DGS-1100-16V2/REVA/FIRMWARE/DGS-1100-V2_SERIES_REVA_FIRMWARE_v2.00.003.zip
dlink,DGS-3048,5x-124-EN,7/16/13,ftp://FTP2.DLINK.COM/PRODUCTS/DGS-3048/REVA/DGS-3048_FIRMWARE_1.00.24.ZIP
dlink,DMS-1100-10TS,35794,2/26/18,ftp://FTP2.DLINK.COM/PRODUCTS/DMS-1100-SERIES/REVA/DMS-1100-SERIES_REVA_FIRMWARE_v1.00.12.zip
dlink,DNR-322L,35708,11/26/18,ftp://FTP2.DLINK.COM/PRODUCTS/DNR-322L/REVB/DNR-322L_REVB_FIRMWARE_v3.02.04.zip
dlink,DNR-312L,36160,8/14/18,ftp://FTP2.DLINK.COM/PRODUCTS/DNR-312L/REVA/DNR-312L_REVA_FIRMWARE_v1.07.10.zip
dlink,DGS-1100-16,B,2/10/15,ftp://ftp2.dlink.com/PRODUCTS/DGS-1100-16/REVB/DGS-1100-16_REVB_FIRMWARE_1.00.003.ZIP
dlink,DNR-312L,35333,6/15/18,ftp://FTP2.DLINK.COM/PRODUCTS/DNR-312L/REVA/DNR-312L_REVA_FIRMWARE_v1.07.09.zip
dlink,DNR-322L,36727,12/28/16,ftp://FTP2.DLINK.COM/PRODUCTS/DNR-322L/REVB/DNR-322L_REVB_FIRMWARE_3.01.04.zip
dlink,DNR-322L,38845,1/16/19,ftp://FTP2.DLINK.COM/PRODUCTS/DNR-322L/REVB/BETA/DNR-322L_REVB_FIRMWARE_v3.02.07_BETA.zip
dlink,DNR-312L,35708,8/25/16,ftp://FTP2.DLINK.COM/PRODUCTS/DNR-312L/REVA/DNR-312L_REVA_FIRMWARE_1.05.06.ZIP
dlink,DNR-312L,36160,11/22/16,ftp://FTP2.DLINK.COM/PRODUCTS/DNR-312L/REVA/DNR-312L_REVA_FIRMWARE_1.06.07.ZIP
dlink,DCS-4622,unknown,5/8/17,ftp://FTP2.DLINK.COM/PRODUCTS/DCS-4622/REVA/DCS-4622_REVA_FIRMWARE_v1.00B09.zip
dlink,DCS-6212L,unknown,10/17/16,ftp://FTP2.DLINK.COM/PRODUCTS/DCS-6212L/REVA/DCS-6212L_REVA_FIRMWARE_1.01.02.ZIP
dlink,DGS-1100-16,B,7/15/15,ftp://FTP2.DLINK.COM/PRODUCTS/DGS-1100-16/REVB/DGS-1100-16_REVB_FIRMWARE_1.01.018_WW.ZIP
dlink,DCS-4618EK,A,3/11/21,https://support.dlink.com/resource/PRODUCTS/DCS-4618EK/REVA/FIRMWARE/DCS-4618EK_REVA_FIRMWARE_v1.00.14.zip
dlink,DCS-2530L_A1_FW_V1.07.00_update,unknown,unknown,ftp://ftp.dlink.by/pub/IP-Camera/DCS-2530L/Firmware/DCS-2530L_A1_FW_V1.07.00_update.bin
dlink,DGS-1100-26MPPV2,A,7/22/21,https://support.dlink.com/resource/PRODUCTS/DGS-1100-26MPPV2/REVA/FIRMWARE/DGS-1100-V2-SERIES_REVA_FIRMWARE_v2.00.003.zip
dlink,DGS-1210-10P,F,9/30/21,https://support.dlink.com/resource/PRODUCTS/DGS-1210-10P/REVF/DGS-1210-10P_REVF_FIRMWARE_v6.30.016.zip
dlink,DFL-1660,A,10/29/19,ftp://FTP2.DLINK.COM/PRODUCTS/DFL-1660/REVA/DFL-1660_REVA_FIRMWARE_v12.00.21.01.zip
dlink,DCS-4603,A,9/14/21,https://support.dlink.com/resource/PRODUCTS/DCS-4603/REVA/DCS-4603_REVA_FIRMWARE_v1.04.02.zip
dlink,DCS-2530L_A1_FW_V1.05.05_update,unknown,unknown,ftp://ftp.dlink.by/pub/IP-Camera/DCS-2530L/Firmware/DCS-2530L_A1_FW_V1.05.05_update.bin
dlink,DFL-2560,A,10/29/19,ftp://FTP2.DLINK.COM/PRODUCTS/DFL-2560/REVA/DFL-2560_REVA_FIRMWARE_v12.00.21.01.zip
dlink,DFL-2560G,A,10/29/19,ftp://FTP2.DLINK.COM/PRODUCTS/DFL-2560G/REVA/DFL-2560G_REVA_FIRMWARE_v12.00.21.01.zip
dlink,DCS-4802E-VB1,B,4/22/19,https://support.dlink.com/resource/PRODUCTS/DCS-4802E-VB1/REVB/FIRMWARE/DCS-4802E_REVB_FIRMWARE_v2.00.09.zip
dlink,DGS-1100-26MPP,unknown,4/2/19,ftp://FTP2.DLINK.COM/PRODUCTS/DGS-1100-SERIES/REVC/FIRMWARE/DGS-1100-MP-MPP-SERIES_REVC_FIRMWARE_v2.00.06.zip
dlink,DGS-1100-26MP,C,8/20/19,ftp://FTP2.DLINK.COM/PRODUCTS/DGS-1100-SERIES/REVC/FIRMWARE/DGS-1100-MP-MPP-SERIES_REVC_FIRMWARE_v2.00.072_HOTFIX.zip
dlink,DGS-1100-26MPP,C,8/20/19,ftp://FTP2.DLINK.COM/PRODUCTS/DGS-1100-SERIES/REVC/FIRMWARE/DGS-1100-MP-MPP-SERIES_REVC_FIRMWARE_v2.00.072_HOTFIX.zip
dlink,DGS-1210-10P,C,11/29/16,ftp://FTP2.DLINK.COM/PRODUCTS/DGS-1210-10P/REVC/DGS-1210-10P_REVC_FIRMWARE_4.10.004.ZIP
dlink,DGS-1250-52XMP-6KV,A,7/29/21,https://support.dlink.com/resource/PRODUCTS/DGS-1250-SERIES/REVA/FIRMWARE/DGS-1250-SERIES_REVA_FIRMWARE_v2.03.004.zip
dlink,DCS-6511,B,11/14/17,ftp://FTP2.DLINK.COM/PRODUCTS/DCS-6511/REVB/DCS-6511_REVB_FIRMWARE_v2.01.zip
dlink,DGS-3612G,37936,3/17/09,ftp://FTP2.DLINK.COM/PRODUCTS/DGS-3612G/REVA/DGS-3612G_FIRMWARE_2.50B25.ZIP
dlink,DGS-3650,36727,3/13/08,ftp://FTP2.DLINK.COM/PRODUCTS/DGS-3650/REVA/DGS-3650_FIRMWARE_2.40B19.HAD
dlink,DCS-4605EV,A,7/9/20,ftp://FTP2.DLINK.COM/PRODUCTS/DCS-4605EV/REVA/DCS-4605EV_REVA_FIRMWARE_v1.00.07_BETA1_HOTFIX.zip
dlink,DGS-3650,36727,9/16/10,ftp://FTP2.DLINK.COM/PRODUCTS/DGS-3650/REVA/DGS-3650_FIRMWARE_2.80B31.ZIP
dlink,DGS-3650,37936,6/25/14,ftp://ftp2.dlink.com/PRODUCTS/DGS-3650/REVA/DGS-3650_FIRMWARE_3.00.B14.ZIP
dlink,DGS-3620-28PC,35794,3/3/14,ftp://ftp2.dlink.com/PRODUCTS/DGS-3620-28PC/REVB/DGS-3620-28PC_REVB_FIRMWARE_2.60.016.ZIP
dlink,DGS-3612G,34976,9/15/10,ftp://FTP2.DLINK.COM/PRODUCTS/DGS-3612G/REVA/DGS-3612G_FIRMWARE_2.50B51.ZIP
dlink,DGS-3420-28PC,35794,12/12/12,ftp://FTP2.DLINK.COM/PRODUCTS/DGS-3420-28PC/REVA/DGS-3420-28PC_FIRMWARE_1.00.024.ZIP
dlink,DGS-6604,34573,9/28/11,ftp://ftp2.dlink.com/PRODUCTS/DGS-6604/REVA/DGS-6604_FIRMWARE_2.00.022.ZIP
dlink,DGS-3324SR,34481,7/16/13,ftp://FTP2.DLINK.COM/PRODUCTS/DGS-3324SR/REVA/DGS-3324SR_FIRMWARE_2.00B19.HAD
dlink,DES-3350SR,unknown,8/3/06,ftp://ftp2.dlink.com/PRODUCTS/DES-3350SR/REVA/DES-3350SR_FIRMWARE_3.02B12.ZIP
dlink,DCS-6511,A,1/20/16,ftp://FTP2.DLINK.COM/PRODUCTS/DCS-6511/REVA/DCS-6511_REVA_FIRMWARE_1.16.00.ZIP
dlink,DGS-3324SR,35708,7/16/13,ftp://FTP2.DLINK.COM/PRODUCTS/DGS-3324SR/REVA/DGS-3324SR_FIRMWARE_2.00B21.HAD
dlink,DGS-3120-24PC,5x-115-PL,7/13/16,ftp://ftp2.dlink.com/PRODUCTS/DGS-3120-24PC/REVB/DGS-3120-24PC_REVB_FIRMWARE_3.00.522.ZIP
dlink,DGS-3120-24PC,5x-115-PL,2/26/14,ftp://ftp2.dlink.com/PRODUCTS/DGS-3120-24PC/REVB/DGS-3120-24PC_REVB_FIRMWARE_3.10.512.ZIP
dlink,DGS-6604-SK,37185,11/11/13,ftp://ftp2.dlink.com/PRODUCTS/DGS-6604-SK/REVA/DGS-6604-SK_FIRMWARE_1.00.036.ZIP
dlink,DGS-3650,36727,9/15/10,ftp://FTP2.DLINK.COM/PRODUCTS/DGS-3650/REVA/DGS-3650_FIRMWARE_2.50B51.ZIP
dlink,DCS-4603_v1.04.02,unknown,unknown,ftp://ftp.dlink.by/pub/IP-Camera/DCS-4603/Firmware/DCS-4603_v1.04.02.bin
dlink,DGS-6608,35930,11/11/13,ftp://ftp2.dlink.com/PRODUCTS/DGS-6608/REVA/DGS-6608_FIRMWARE_2.10.011.ZIP
dlink,DCS-4701E-VB1,B,8/20/20,https://support.dlink.com/resource/PRODUCTS/DCS-4701E/VB1/DCS-4701E_VB1_FIRMWARE_v2.02.02_HOTFIX.zip
dlink,DCS-4703E,A,9/29/21,https://support.dlink.com/resource/PRODUCTS/DCS-4703E/REVA/DCS-4703E_REVA_FIRMWARE_v1.03.04.zip
dlink,DNS-1250-04,34481,9/2/14,ftp://ftp2.dlink.com/PRODUCTS/DNS-1250-04/REVA/DNS-1250-04_FIRMWARE_03.01.4800.05.ZIP
dlink,DGS-6604-SK,35794,6/6/14,ftp://ftp2.dlink.com/PRODUCTS/DGS-6604-SK/REVA/DGS-6604-SK_FIRMWARE_4.00.056.ZIP
dlink,DIS-200G-12SW,38314,2/27/19,ftp://FTP2.DLINK.COM/PRODUCTS/DIS-200G-SERIES/REVA/DIS-200G-SERIES_REVA_FIRMWARE_v1.20.007.zip
dlink,DIS-200G-12SW,38845,4/2/18,ftp://FTP2.DLINK.COM/PRODUCTS/DIS-200G-SERIES/REVA/DIS-200G-SERIES_REVA_FIRMWARE_v1.10.023.zip
dlink,DIS-200G-12SW,39842,6/26/18,ftp://FTP2.DLINK.COM/PRODUCTS/DIS-200G-SERIES/REVA/DIS-200G-SERIES_REVA_FIRMWARE_v1.10.024.zip
dlink,DIS-200G-12SW,32951,12/21/17,ftp://FTP2.DLINK.COM/PRODUCTS/DIS-200G-SERIES/REVA/DIS-200G-SERIES_REVA_FIRMWARE_v1.00.043.zip
dlink,DGS-6608,32951,11/11/13,ftp://ftp2.dlink.com/PRODUCTS/DGS-6608/REVA/DGS-6608_FIRMWARE_2.00.022.ZIP
dlink,DGS-6608,37936,11/11/13,ftp://ftp2.dlink.com/PRODUCTS/DGS-6608/REVA/DGS-6608_FIRMWARE_1.00.036.ZIP
dlink,DGS-6608,34481,11/11/13,ftp://ftp2.dlink.com/PRODUCTS/DGS-6608/REVA/DGS-6608_FIRMWARE_3.00.080.ZIP
dlink,DGS-6604,39842,11/11/13,ftp://ftp2.dlink.com/PRODUCTS/DGS-6604/REVA/DGS-6604_FIRMWARE_2.10.011.ZIP
